transaction_id,account_id,transaction_type,amount,currency,timestamp,channel,status,merchant_category,city,device_id,source,_injected_violation,failure_reason
TXN-07b74979-32d2-4037-ac45-ead3f7cf3500,ACC7567496105,BILL_PAYMENT,3594.92,INR,not-a-real-timestamp,POS,SUCCESS,GOVERNMENT,Lucknow,DEV-2ebdd51d,synthetic-generator,invalid_timestamp,INVALID_TIMESTAMP
,ACC6317189421,REFUND,1971.6,INR,2026-09-19T05:07:45.397Z,POS,SUCCESS,ECOMMERCE,Hyderabad,DEV-9729ba0b,synthetic-generator,null_transaction_id,MISSING_REQUIRED_FIELD
TXN-1391bd4e-b538-4509-a62b-e1851773f9bf,,UPI_PAYMENT,927.2,INR,2026-09-19T05:07:45.397Z,BRANCH,SUCCESS,DINING,Chennai,DEV-b8dbc058,synthetic-generator,missing_account_id,MISSING_REQUIRED_FIELD
TXN-42c9c677-cd82-424a-aaf0-9d81eac531c6,ACC5067116918,TELEPORT_PAYMENT,3338.66,INR,2026-09-19T05:07:45.397Z,WEB,SUCCESS,GOVERNMENT,Mumbai,DEV-fbedb3e5,synthetic-generator,invalid_transaction_type,INVALID_TRANSACTION_TYPE
TXN-0503fb85-af17-4d7d-b4dc-6976a57014eb,ACC4095476665,UPI_PAYMENT,326.18,INR,not-a-real-timestamp,UPI,SUCCESS,OTHER,Kolkata,DEV-d33f4977,synthetic-generator,invalid_timestamp,INVALID_TIMESTAMP
TXN-a509a7da-d46f-406c-8377-7891d2966469,ACC5728765136,DEPOSIT,-1669.8,INR,2026-09-19T05:07:45.398Z,BRANCH,SUCCESS,UTILITIES,Pune,DEV-1a11df3d,synthetic-generator,negative_amount,INVALID_AMOUNT
,ACC4131356954,CARD_PAYMENT,785.19,INR,2026-09-19T05:07:45.399Z,POS,SUCCESS,FINANCIAL_SERVICES,Bengaluru,DEV-1619970c,synthetic-generator,null_transaction_id,MISSING_REQUIRED_FIELD
TXN-99535112-71c5-4877-a2b3-4ff819ddb524,ACC9894264595,TRANSFER,,INR,2026-09-19T05:07:45.400Z,ATM,SUCCESS,HEALTHCARE,Delhi,DEV-b1e5726c,synthetic-generator,missing_amount,"MISSING_REQUIRED_FIELD,INVALID_AMOUNT"
,ACC3783290795,DEPOSIT,1096.4,INR,2026-09-19T05:07:45.401Z,WEB,SUCCESS,GROCERY,Delhi,DEV-7bdf94bd,synthetic-generator,null_transaction_id,MISSING_REQUIRED_FIELD
TXN-7d990f72-5cc5-4f4d-9d89-1f45453359d4,ACC6924716023,REFUND,,INR,2026-09-19T05:07:45.401Z,WEB,SUCCESS,GOVERNMENT,Delhi,DEV-9603ec5d,synthetic-generator,missing_amount,"MISSING_REQUIRED_FIELD,INVALID_AMOUNT"
TXN-3d9178c3-7c97-4fce-8be8-e0747e6d2931,ACC1667779376,DEPOSIT,22.92,INR,2026-09-19T05:07:45.401Z,BRANCH,UNKNOWN_STATE,FUEL,Chennai,DEV-e71e095a,synthetic-generator,invalid_status,INVALID_STATUS
TXN-a148a455-c6e4-439f-8367-813fb0aaecc0,ACC6488854841,DEPOSIT,TdzmYc,INR,2026-09-19T05:07:45.401Z,WEB,SUCCESS,DINING,Jaipur,DEV-a9b80334,synthetic-generator,non_numeric_amount,INVALID_AMOUNT
TXN-e18f6468-03cc-4695-9e60-7c5fa3cdde7f,ACC6633778586,REFUND,7577.28,INR,not-a-real-timestamp,UPI,SUCCESS,UTILITIES,Delhi,DEV-e1e0b7a0,synthetic-generator,invalid_timestamp,INVALID_TIMESTAMP
TXN-cb5e8b7f-a7c4-4f1d-aabc-fd3648b963e1,,REFUND,413.38,INR,2026-09-19T05:07:45.402Z,MOBILE,SUCCESS,ENTERTAINMENT,Lucknow,DEV-2ebdd51d,synthetic-generator,missing_account_id,MISSING_REQUIRED_FIELD
TXN-e13fcff4-05f9-4766-9ae1-1fb958481987,ACC6924716023,ATM_WITHDRAWAL,-1349.93,INR,2026-09-19T05:07:45.402Z,UPI,SUCCESS,GOVERNMENT,Delhi,DEV-cda11eca,synthetic-generator,negative_amount,INVALID_AMOUNT
TXN-1d34f4f2-824a-4af4-b8c2-277e238c02aa,ACC8763140509,DEPOSIT,196.17,INR,not-a-real-timestamp,MOBILE,SUCCESS,GOVERNMENT,Pune,DEV-1d690eae,synthetic-generator,invalid_timestamp,INVALID_TIMESTAMP
,ACC9786748825,TRANSFER,3326.38,INR,2026-09-19T05:07:45.402Z,WEB,SUCCESS,DINING,Hyderabad,DEV-e8cd1fd2,synthetic-generator,null_transaction_id,MISSING_REQUIRED_FIELD
TXN-c99a9267-fff6-4841-833c-d06533155663,ACC8934927891,REFUND,UFTBNe,INR,2026-09-19T05:07:45.402Z,BRANCH,SUCCESS,FUEL,Jaipur,DEV-613ca578,synthetic-generator,non_numeric_amount,INVALID_AMOUNT
TXN-492acf04-6e1e-480d-a65e-3debf4726332,ACC3783290795,BILL_PAYMENT,,INR,2026-09-19T05:07:45.403Z,WEB,SUCCESS,OTHER,Delhi,DEV-7bdf94bd,synthetic-generator,missing_amount,"MISSING_REQUIRED_FIELD,INVALID_AMOUNT"
TXN-c464681e-37e5-4cf2-8034-174e03ded663,ACC5710360983,BILL_PAYMENT,190.97,INR,not-a-real-timestamp,BRANCH,SUCCESS,UTILITIES,Pune,DEV-a21a502a,synthetic-generator,invalid_timestamp,INVALID_TIMESTAMP
TXN-3323f683-2281-4363-b9ce-d334b3d51a25,,REFUND,442.49,INR,2026-09-19T05:07:45.404Z,MOBILE,SUCCESS,TRAVEL,Hyderabad,DEV-8711ccad,synthetic-generator,missing_account_id,MISSING_REQUIRED_FIELD
TXN-82b92a54-97d1-4073-bffb-1a6d6a5583c5,ACC6649827836,TRANSFER,-3399.14,INR,2026-09-19T05:07:45.404Z,WEB,SUCCESS,TRAVEL,Chennai,DEV-b8dbc058,synthetic-generator,negative_amount,INVALID_AMOUNT
,ACC7114223633,REFUND,140.63,INR,2026-09-19T05:07:45.404Z,ATM,SUCCESS,FINANCIAL_SERVICES,Lucknow,DEV-efee7601,synthetic-generator,null_transaction_id,MISSING_REQUIRED_FIELD
TXN-1bc5526f-d0fb-4cb2-b102-7898ee93674d,ACC4332894265,DEPOSIT,-932.53,INR,2026-09-19T05:07:45.404Z,POS,SUCCESS,DINING,Hyderabad,DEV-70525b5f,synthetic-generator,negative_amount,INVALID_AMOUNT
,ACC1958682846,CARD_PAYMENT,1962.03,INR,2026-09-19T05:07:45.406Z,MOBILE,SUCCESS,EDUCATION,Hyderabad,DEV-fbcc1e1f,synthetic-generator,null_transaction_id,MISSING_REQUIRED_FIELD
TXN-722109f9-bd08-4815-987c-39d880ac24bf,ACC9592390865,TELEPORT_PAYMENT,795.94,INR,2026-09-19T05:07:45.406Z,MOBILE,SUCCESS,UTILITIES,Kolkata,DEV-3f530bed,synthetic-generator,invalid_transaction_type,INVALID_TRANSACTION_TYPE
TXN-225a5d26-787a-4760-a60a-5052b7b9d52a,ACC9894847574,REFUND,-393.81,INR,2026-09-19T05:07:45.406Z,WEB,SUCCESS,ECOMMERCE,Kolkata,DEV-eed3b63b,synthetic-generator,negative_amount,INVALID_AMOUNT
TXN-9c91890e-ad0f-441c-adb9-5f72062c7ed8,ACC6884882440,REFUND,,INR,2026-09-19T05:07:45.407Z,ATM,SUCCESS,TRAVEL,Mumbai,DEV-ea1f6ed8,synthetic-generator,missing_amount,"MISSING_REQUIRED_FIELD,INVALID_AMOUNT"
TXN-fce657b7-0cc3-4541-86b9-ec721f8ff8c9,ACC1983297492,BILL_PAYMENT,pFiMOZ,INR,2026-09-19T05:07:45.408Z,MOBILE,SUCCESS,ECOMMERCE,Pune,DEV-0a2bbaa5,synthetic-generator,non_numeric_amount,INVALID_AMOUNT
TXN-44d9508a-188f-44d3-97fd-d5bc5a0a074d,ACC1817804383,UPI_PAYMENT,-266.63,INR,2026-09-19T05:07:45.408Z,POS,SUCCESS,EDUCATION,Jaipur,DEV-3f786cfc,synthetic-generator,negative_amount,INVALID_AMOUNT
TXN-a7b94665-b560-41e1-93e5-3c82baae6823,ACC7825844140,CARD_PAYMENT,1945.42,INR,not-a-real-timestamp,UPI,FAILED,GROCERY,Ahmedabad,DEV-6cfc07d0,synthetic-generator,invalid_timestamp,INVALID_TIMESTAMP
,ACC6241752544,TRANSFER,265.99,INR,2026-09-19T05:07:45.411Z,ATM,SUCCESS,HEALTHCARE,Delhi,DEV-7e938ba4,synthetic-generator,null_transaction_id,MISSING_REQUIRED_FIELD
